Date,RY.TO,TD.TO,BNS.TO,SU.TO,CNQ.TO,ENB.TO,SHOP.TO,NVDA,AAPL,MCD,SBUX,WMT,SPY,XIU.TO
2025-05-05,162.08993530273438,85.06271362304688,66.10494232177734,46.3540153503418,36.84574890136719,60.79042053222656,135.85000610351562,113.7931900024414,198.02691650390625,308.581298828125,79.46733856201172,98.45635223388672,557.1234130859375,37.11766815185547
2025-05-06,160.5854949951172,84.35852813720703,65.61930084228516,46.50788879394531,37.42697525024414,60.062904357910156,129.24000549316406,113.51325988769531,197.64854431152344,309.6271667480469,80.55725860595703,97.68321990966797,552.466796875,37.04945373535156
2025-05-07,161.507568359375,84.25241088867188,66.09542083740234,45.19036102294922,37.941497802734375,61.16835021972656,131.2899932861328,117.03242492675781,195.39837646484375,310.9367980957031,80.4891357421875,97.96075439453125,554.7901611328125,37.31256103515625
2025-05-08,161.9346466064453,84.6575698852539,66.40965270996094,45.863548278808594,39.84714889526367,60.2707633972168,130.8800048828125,117.34235382080078,196.6330108642578,306.4017028808594,79.98310089111328,96.57306671142578,558.6558227539062,37.47822189331055
2025-05-09,162.66258239746094,84.95661163330078,66.67628479003906,46.85410690307617,40.523658752441406,60.752628326416016,127.9800033569336,116.62252044677734,197.66847229003906,306.5874328613281,78.14385223388672,96.1010971069336,557.9440307617188,37.565921783447266
2025-05-12,164.0408172607422,85.39069366455078,67.36189270019531,48.24856948852539,41.886192321777344,58.853519439697266,146.0,122.97102355957031,210.15048217773438,304.86724853515625,83.3696517944336,96.13090515136719,576.3826293945312,37.9069938659668
2025-05-13,164.78819274902344,85.97913360595703,67.23811340332031,48.815975189208984,42.81044006347656,58.692893981933594,150.11000061035156,129.89938354492188,212.2840118408203,301.71026611328125,84.54715728759766,95.26647186279297,580.18896484375,38.00444030761719
2025-05-14,166.2052764892578,86.62545776367188,67.96182250976562,48.85444259643555,41.82903289794922,59.28813934326172,155.8300018310547,135.30810546875,211.68582153320312,300.5471496582031,84.21629333496094,96.21039581298828,580.930419921875,38.14086151123047
2025-05-15,169.06854248046875,87.51293182373047,68.35224914550781,48.31589126586914,41.114410400390625,60.15433883666992,153.92999267578125,134.79823303222656,210.8084716796875,307.3693542480469,84.91696166992188,95.73346710205078,583.7679443359375,38.491676330566406
2025-05-16,170.67001342773438,86.65438842773438,68.53317260742188,47.950439453125,40.87620162963867,60.173526763916016,154.91000366210938,135.36810302734375,210.6190643310547,311.40594482421875,83.85855865478516,97.61137390136719,587.465576171875,38.58911895751953
2025-05-19,,,,,,,,135.53805541992188,208.14659118652344,313.96673583984375,82.91776275634766,97.49214172363281,588.108154296875,
2025-05-20,170.65060424804688,86.98236846923828,68.44745635986328,47.15222930908203,40.7142219543457,60.912147521972656,148.02999877929688,134.34835815429688,206.232421875,312.56903076171875,83.87815856933594,97.1741943359375,586.1307983398438,38.676822662353516
2025-05-21,169.23353576660156,86.721923828125,68.07608032226562,46.87334060668945,40.599884033203125,60.62437057495117,141.82000732421875,131.76895141601562,201.4768829345703,309.2850341796875,81.32037353515625,95.81295776367188,576.2540893554688,38.28703308105469
2025-05-22,170.25265502929688,89.52904510498047,68.13322448730469,47.17146682739258,40.75233840942383,60.106380462646484,143.19000244140625,132.7987060546875,200.7490997314453,307.20318603515625,82.29056549072266,95.31615447998047,576.4815063476562,38.35768508911133
2025-05-23,170.90296936035156,89.6255111694336,68.26654052734375,47.17146682739258,40.599884033203125,60.681922912597656,139.50999450683594,131.25906372070312,194.67758178710938,307.45733642578125,82.71197509765625,95.72352600097656,572.5465698242188,38.3282470703125
2025-05-26,171.20384216308594,90.11746978759766,68.31415557861328,47.39265060424805,40.78091812133789,60.89295959472656,143.33999633789062,,,,,,,38.61281204223633
2025-05-27,172.6403350830078,90.98565673828125,69.42827606201172,47.479209899902344,41.019126892089844,61.04644012451172,147.50999450683594,135.4680633544922,199.60260009765625,307.8287353515625,85.26976776123047,96.9555892944336,584.4501342773438,38.91700744628906
2025-05-28,173.348876953125,90.90848541259766,68.74266815185547,47.00797653198242,40.5427131652832,60.49966812133789,148.27999877929688,134.7782440185547,199.81195068359375,305.7664489746094,84.27996063232422,96.61776733398438,581.06884765625,38.9366340637207
2025-05-29,167.33114624023438,91.56444549560547,70.02819061279297,47.488826751708984,40.48554611206055,60.739479064941406,148.61000061035156,139.15721130371094,199.3433837890625,304.8085632324219,82.36896514892578,96.4786605834961,583.3626098632812,38.83850860595703
2025-05-30,168.82589721679688,91.41975402832031,69.92345428466797,46.921424865722656,39.704227447509766,61.26706314086914,146.63999938964844,135.09817504882812,200.24066162109375,306.75360107421875,82.27095794677734,98.08830261230469,582.7100830078125,38.7894401550293
2025-06-02,170.010009765625,91.60303497314453,69.79013061523438,48.28703689575195,40.2282829284668,61.9481315612793,145.92999267578125,137.34764099121094,201.08807373046875,307.3433532714844,83.48616790771484,99.13157653808594,585.9924926757812,39.13288497924805
2025-06-03,169.78677368164062,92.62556457519531,69.66635131835938,48.71018981933594,41.10487747192383,61.97690963745117,144.13999938964844,141.1867218017578,202.6533203125,307.0583190917969,84.86795806884766,99.34024047851562,589.3341064453125,39.09363555908203
2025-06-04,169.1267547607422,91.85384368896484,69.63776397705078,48.350311279296875,40.31403732299805,61.286251068115234,141.7100067138672,141.88656616210938,202.20468139648438,306.2522888183594,86.34776306152344,98.71427154541016,589.1759643554688,38.92681884765625
2025-06-05,168.37939453125,92.22041320800781,69.77108001708984,48.69073486328125,40.36167526245117,61.41094970703125,143.52999877929688,139.95701599121094,200.02133178710938,303.7065124511719,85.25016021728516,97.33316040039062,586.3285522460938,38.92681884765625
2025-06-06,169.43736267089844,92.94389343261719,70.30435180664062,48.98252868652344,41.209693908691406,61.10399627685547,152.5800018310547,141.6865997314453,203.30133056640625,302.1141357421875,87.84716796875,96.84630584716797,592.3494873046875,39.07400894165039
2025-06-09,169.5247039794922,92.52910614013672,70.45670318603516,49.235416412353516,41.23827362060547,60.14474868774414,147.5500030517578,142.59640502929688,200.83883666992188,299.57818603515625,88.8565673828125,96.82642364501953,592.8834228515625,38.946441650390625
2025-06-10,170.31089782714844,93.33940887451172,70.44718933105469,50.04271697998047,41.9528923034668,60.173526763916016,150.7899932861328,143.92608642578125,202.05511474609375,295.30242919921875,89.60136413574219,96.697265625,596.2449340820312,39.05438232421875
2025-06-11,169.58294677734375,92.58699035644531,70.05677032470703,51.637855529785156,42.619873046875,60.13515090942383,156.0,142.80625915527344,198.17694091796875,296.5704040527344,93.4821548461914,95.1869888305664,594.54443359375,39.211387634277344
2025-06-12,170.11679077148438,92.90531921386719,70.37100219726562,51.71566390991211,42.94383239746094,61.094398498535156,148.55999755859375,144.9759063720703,198.5956573486328,297.98583984375,92.43356323242188,94.22319030761719,596.9072875976562,39.28989028930664
2025-06-13,168.44735717773438,92.82814025878906,70.25672912597656,54.14728546142578,44.312801361083984,60.78744125366211,143.17999267578125,141.94639587402344,195.85398864746094,296.75714111328125,91.39476013183594,93.835693359375,590.2338256835938,39.13288497924805
2025-06-16,169.8450164794922,93.05001831054688,70.90425109863281,53.69987106323242,43.67562484741211,59.8665657043457,147.07000732421875,144.66595458984375,197.8180389404297,291.23309326171875,91.61035919189453,93.6866455078125,595.8494262695312,39.25063705444336
2025-06-17,169.5247039794922,93.37799072265625,70.70429229736328,54.45853805541992,44.8244743347168,60.192710876464844,145.3800048828125,144.09603881835938,195.0464630126953,287.3210144042969,89.7581558227539,93.64690399169922,590.7578735351562,39.162322998046875
2025-06-18,170.17498779296875,94.23653411865234,70.79951477050781,53.35944747924805,44.40934371948242,59.13753890991211,145.27000427246094,145.455810546875,195.9835968017578,284.686767578125,90.43435668945312,94.48152923583984,590.6688232421875,39.181949615478516
2025-06-19,169.8838348388672,93.9857177734375,70.94235229492188,53.63178634643555,44.447959899902344,58.97446823120117,143.6999969482422,,,,,,,39.10344696044922
2025-06-20,169.69940185546875,93.94713592529297,70.90425109863281,53.69014358520508,44.40934371948242,59.022430419921875,146.22999572753906,143.8260955810547,200.39019775390625,282.55377197265625,91.25756072998047,95.50494384765625,589.2816162109375,39.083824157714844
2025-06-23,169.53440856933594,94.3136978149414,70.81856536865234,52.056095123291016,42.5943489074707,59.166316986083984,150.99000549316406,144.1460418701172,200.888671875,284.57861328125,90.49315643310547,97.24373626708984,595.1022338867188,39.270263671875
2025-06-24,170.9514923095703,95.0950698852539,71.0470962524414,51.12235641479492,41.76408767700195,59.31979751586914,157.02999877929688,147.8754119873047,199.6923065185547,286.495361328125,89.66995239257812,97.37290954589844,601.6764526367188,39.48614501953125
2025-06-25,170.5535430908203,95.34587097167969,70.93283081054688,50.66521072387695,41.55169677734375,58.552398681640625,156.1699981689453,154.28436279296875,200.94850158691406,280.6763916015625,89.27796173095703,96.63764953613281,602.0136108398438,39.211387634277344
2025-06-26,172.38796997070312,95.94395446777344,71.55178833007812,50.34423828125,42.05371856689453,59.03202438354492,154.2100067138672,154.99423217773438,200.39019775390625,280.7550354003906,90.00315856933594,95.40557861328125,606.7236938476562,39.4763298034668
2025-06-27,172.47532653808594,95.93431091308594,71.57083892822266,50.05244064331055,41.61927795410156,58.897727966308594,155.72999572753906,157.72377014160156,200.46995544433594,286.573974609375,90.26776123046875,96.64757537841797,609.7380981445312,39.42726135253906
2025-06-30,174.19329833984375,96.61921691894531,71.70415496826172,49.614749908447266,41.31999588012695,59.233463287353516,157.05999755859375,157.96376037597656,204.54754638671875,287.18341064453125,89.79735565185547,97.15431213378906,612.6533813476562,39.6529541015625
2025-07-01,,,,,,,,153.2745361328125,207.18951416015625,292.41259765625,93.02155303955078,97.61137390136719,612.455078125,
2025-07-02,172.87327575683594,97.5259780883789,72.45791625976562,50.57767105102539,42.53642654418945,58.370140075683594,155.9600067138672,157.22386169433594,211.79550170898438,289.6014404296875,92.29635620117188,96.98540496826172,615.2315063476562,39.68238830566406
2025-07-03,174.25152587890625,97.9986572265625,72.43858337402344,50.74302291870117,42.27576446533203,58.427696228027344,159.2899932861328,159.3135223388672,212.90213012695312,289.0608215332031,92.5511703491211,97.73060607910156,620.0803833007812,39.957149505615234
2025-07-04,174.27093505859375,98.09513092041016,72.3999252319336,50.353965759277344,42.25645446777344,58.408512115478516,158.25999450683594,,,,,,,39.957149505615234
2025-07-07,174.8241729736328,97.68997192382812,72.48690032958984,50.26642608642578,41.889591217041016,57.86174011230469,159.3300018310547,158.21371459960938,209.3130340576172,288.52020263671875,91.76715850830078,98.71427154541016,615.4595947265625,39.89827346801758
2025-07-08,175.08624267578125,97.81537628173828,72.58354187011719,51.66703796386719,42.44953918457031,58.082366943359375,153.99000549316406,159.97340393066406,209.3728485107422,286.69195556640625,93.04116821289062,96.46873474121094,615.1224365234375,39.73146057128906
2025-07-09,175.9597625732422,97.85396575927734,72.4965591430664,52.24089813232422,42.266109466552734,57.50682067871094,156.49000549316406,162.85293579101562,210.49942016601562,288.0189208984375,93.34496307373047,96.19052124023438,618.8110961914062,39.81977462768555
2025-07-10,176.96920776367188,98.42906188964844,72.76714324951172,52.36734390258789,41.95717239379883,58.322181701660156,157.42999267578125,164.07273864746094,211.7655792236328,293.2972717285156,93.24696350097656,94.25299835205078,620.5563354492188,40.01602554321289
2025-07-11,175.06683349609375,98.1463851928711,72.15834045410156,53.369171142578125,42.3916130065918,58.485252380371094,153.4199981689453,164.89259338378906,210.51937866210938,294.7912902832031,93.04116821289062,93.79595184326172,618.3748168945312,39.88846206665039
2025-07-14,175.31918334960938,98.91642761230469,72.27429962158203,53.07737731933594,42.06337356567383,59.39653396606445,159.9499969482422,164.04273986816406,207.98707580566406,296.7276916503906,91.55155944824219,95.16710662841797,619.5547485351562,40.163211822509766
2025-07-15,174.07681274414062,98.32183074951172,72.32261657714844,52.62023162841797,41.48411560058594,59.56919860839844,157.86000061035156,170.671630859375,208.4755859375,294.5062255859375,90.63036346435547,94.77960968017578,616.9072875976562,39.9080810546875
2025-07-16,175.31918334960938,98.73123168945312,72.81546020507812,52.09500503540039,40.866249084472656,59.38694381713867,164.1199951171875,171.34152221679688,209.52239990234375,293.79852294921875,90.6597671508789,94.54114532470703,618.9697265625,40.123966217041016
2025-07-17,177.4059600830078,99.10162353515625,73.11503601074219,52.24089813232422,41.146217346191406,59.07039260864258,174.2100067138672,172.97125244140625,209.38284301757812,295.2434387207031,91.32615661621094,94.48152923583984,622.757568359375,40.54590606689453
2025-07-18,176.7847900390625,98.45830535888672,73.21167755126953,51.85184097290039,40.837284088134766,59.3581657409668,174.36000061035156,172.38134765625,210.53929138183594,291.9997863769531,91.92395782470703,94.44178771972656,622.301513671875,40.3889045715332
2025-07-21,176.99832153320312,99.24784088134766,73.443603515625,51.53086471557617,40.383544921875,58.52362060546875,175.7899932861328,171.35153198242188,211.83535766601562,290.6924743652344,90.8067626953125,95.05781555175781,623.4815063476562,40.359466552734375
2025-07-22,175.88214111328125,99.58899688720703,74.11038970947266,51.74485397338867,40.97244644165039,58.993656158447266,168.4499969482422,167.00225830078125,213.74952697753906,294.0639343261719,95.00116729736328,95.2366714477539,623.5707397460938,40.43796920776367
2025-07-23,177.0565643310547,99.85218048095703,74.67086791992188,52.48406219482422,41.20414733886719,59.31979751586914,166.05999755859375,170.75161743164062,213.5002899169922,293.0318298339844,94.00155639648438,95.0677490234375,628.8757934570312,40.496849060058594
2025-07-24,176.263671875,99.55001068115234,74.738525390625,52.6785888671875,41.64823913574219,59.502052307128906,166.52000427246094,173.7111358642578,213.11148071289062,289.4540100097656,91.82595825195312,95.98186492919922,629.083984375,40.447784423828125
2025-07-25,177.14463806152344,100.05687713623047,75.01876068115234,52.38679504394531,41.52273178100586,59.15672302246094,170.6199951171875,173.47117614746094,213.2311248779297,293.3758850097656,92.53155517578125,96.84630584716797,631.7413940429688,40.6440315246582
2025-07-28,175.4022674560547,99.21859741210938,74.6902084350586,53.408077239990234,42.352996826171875,58.83058166503906,174.16000366210938,176.7206268310547,213.40060424804688,294.1130676269531,91.79656219482422,96.98540496826172,631.582763671875,40.52627944946289
2025-07-29,174.83453369140625,98.75071716308594,74.506591796875,53.69014358520508,42.85501480102539,59.550018310546875,171.97000122070312,175.4808349609375,210.62904357910156,297.50421142578125,91.10076141357422,97.70079803466797,629.9169311523438,40.66366195678711
2025-07-30,175.28482055664062,99.22834777832031,74.9028091430664,53.437255859375,42.5943489074707,59.71308898925781,170.33999633789062,179.24021911621094,208.415771484375,298.4281311035156,90.9047622680664,96.96552276611328,629.1236572265625,40.45759201049805
2025-07-31,174.0318603515625,98.37057495117188,74.49693298339844,53.155189514160156,42.34334182739258,60.192710876464844,169.3699951171875,177.84043884277344,206.9402618408203,294.9485778808594,87.37677001953125,97.35304260253906,626.763671875,40.33002471923828
2025-08-01,173.72842407226562,97.56153869628906,73.95577239990234,52.38679504394531,41.242767333984375,61.13277053833008,163.6300048828125,173.69113159179688,201.76602172851562,297.720458984375,85.12276458740234,97.85977172851562,616.4907836914062,39.927711486816406
2025-08-04,,,,,,,,179.9700927734375,202.7330780029297,299.0375671386719,87.98435974121094,98.9527359008789,625.8612670898438,
2025-08-05,176.25389099121094,97.99042510986328,74.05240631103516,52.57159423828125,41.802703857421875,61.77546691894531,175.16000366210938,178.23037719726562,202.30438232421875,293.6707458496094,88.39595794677734,98.67452239990234,622.688232421875,40.722537994384766
2025-08-06,177.93753051757812,98.48754119873047,73.85913848876953,52.4354248046875,41.62893295288086,61.98650360107422,212.82000732421875,179.3901824951172,212.60302734375,302.4090270996094,87.21015930175781,102.69860076904297,627.457763671875,41.36035919189453
2025-08-07,178.27032470703125,97.70774841308594,74.12004852294922,52.153358459472656,40.364234924316406,62.12080001831055,207.55999755859375,180.73997497558594,219.3624725341797,302.6547546386719,89.1995620727539,102.46014404296875,626.9321899414062,41.03654098510742
2025-08-08,178.5150604248047,98.2146224975586,74.43895721435547,52.46460723876953,40.2676887512207,62.05364990234375,205.82000732421875,182.6696319580078,228.65420532226562,300.23675537109375,90.2775650024414,103.06624603271484,631.82080078125,41.03654098510742
2025-08-11,179.98333740234375,98.2341079711914,74.69986724853516,51.98801040649414,39.77532196044922,62.801856994628906,203.3800048828125,182.0297393798828,226.74781799316406,299.16534423828125,89.9051513671875,103.26496124267578,630.5713500976562,41.07579040527344
2025-08-12,181.80401611328125,98.39006805419922,75.09607696533203,52.036643981933594,39.75601577758789,62.57164764404297,205.8000030517578,183.1295623779297,229.21310424804688,296.4918212890625,91.5025634765625,102.95694732666016,637.2844848632812,41.213172912597656
2025-08-13,183.07655334472656,99.97888946533203,75.38599395751953,52.1047248840332,39.77532196044922,62.964927673339844,206.77999877929688,181.55982971191406,232.88612365722656,299.8632507324219,92.29635620117188,100.3437728881836,639.4659423828125,41.32110595703125
2025-08-14,184.62315368652344,100.38827514648438,75.58892822265625,52.38679504394531,39.727054595947266,63.83784484863281,199.4600067138672,181.98974609375,232.33717346191406,303.6770324707031,91.1987533569336,100.20466613769531,639.5254516601562,41.2033576965332
2025-08-15,184.51548767089844,99.76444244384766,75.83052062988281,52.24089813232422,39.804283142089844,63.2569465637207,195.60000610351562,180.42001342773438,231.1494140625,303.6573486328125,89.3738021850586,99.59217834472656,638.0281372070312,41.18373489379883
2025-08-18,184.42739868164062,99.50127410888672,75.88850402832031,51.81293487548828,39.698089599609375,62.70232009887695,197.6999969482422,181.979736328125,230.45074462890625,303.4312744140625,91.28754425048828,100.28932189941406,637.8892822265625,41.173919677734375
2025-08-19,185.03427124023438,99.12112426757812,75.92715454101562,51.75457763671875,39.253997802734375,63.655887603759766,193.05999755859375,175.61080932617188,230.1213836669922,305.6231994628906,89.69932556152344,100.87691497802734,634.4286499023438,41.14448165893555
2025-08-20,185.34751892089844,99.6572265625,76.06243896484375,52.0755500793457,39.67878341674805,64.82353210449219,190.42999267578125,175.370849609375,225.5800323486328,307.73651123046875,88.29854583740234,102.15170288085938,632.742919921875,41.24260711669922
2025-08-21,185.40625,99.86192321777344,76.05278015136719,52.80503463745117,40.48973083496094,64.9013671875,190.10000610351562,174.95091247558594,224.47213745117188,307.8741760253906,87.36141204833984,97.56049346923828,630.2044677734375,41.448673248291016
2025-08-22,186.62002563476562,100.28105163574219,77.0191421508789,53.7679557800293,41.58066177368164,64.54135131835938,196.52000427246094,177.96043395996094,227.3267059326172,308.7096252441406,87.18384552001953,96.43510437011719,639.8823852539062,41.83136749267578
2025-08-25,184.88743591308594,99.69621276855469,76.85486602783203,54.42935562133789,41.54204177856445,64.22998046875,194.8699951171875,179.78012084960938,226.7278594970703,308.09039306640625,84.64862823486328,95.6781997680664,637.0662231445312,41.566429138183594
2025-08-26,186.3655242919922,101.46048736572266,82.12154388427734,53.981937408447266,40.70212936401367,63.908878326416016,194.86000061035156,181.7397918701172,228.87376403808594,307.59893798828125,85.45752716064453,95.65829467773438,639.733642578125,41.87065124511719
2025-08-27,195.84092712402344,102.35724639892578,82.26648712158203,55.012943267822266,41.66754913330078,63.91861343383789,193.02999877929688,181.56982421875,230.05152893066406,306.1146545410156,86.47359466552734,95.68817138671875,641.1912841796875,42.04844284057617
2025-08-28,196.526123046875,97.73699188232422,82.93328094482422,55.65489196777344,41.83167266845703,64.00617980957031,194.77999877929688,180.1400604248047,232.11758422851562,306.8912353515625,86.8287124633789,95.71804809570312,643.4619750976562,41.999061584472656
2025-08-29,195.36126708984375,100.51499938964844,82.88496398925781,55.217201232910156,41.98613739013672,64.6581039428711,193.97999572753906,174.1510467529297,231.69837951660156,308.1886901855469,86.99641418457031,96.5844955444336,639.6245727539062,42.236114501953125
2025-09-02,195.31231689453125,100.15434265136719,82.7400131225586,55.38254928588867,42.58469772338867,64.76514434814453,191.7100067138672,170.75161743164062,229.28298950195312,312.1328430175781,88.56489562988281,97.4509506225586,634.884765625,42.265750885009766
2025-09-03,196.72189331054688,100.71969604492188,83.81268310546875,54.58497619628906,41.59031677246094,64.88190460205078,193.49000549316406,170.59165954589844,238.01634216308594,312.7556457519531,86.06913757324219,99.03446960449219,638.3256225585938,42.473175048828125
2025-09-04,197.45603942871094,100.71969604492188,84.89500427246094,54.62428665161133,41.889591217041016,64.78460693359375,200.77999877929688,171.63148498535156,239.3238525390625,313.34869384765625,85.83238983154297,100.51838684082031,643.6602783203125,42.7398681640625
2025-09-05,195.9877471923828,100.55399322509766,84.90467071533203,54.437583923339844,40.605587005615234,65.06678771972656,203.33999633789062,166.9922637939453,239.2340087890625,310.7686767578125,84.27376556396484,100.10010528564453,641.796142578125,42.87815475463867
2025-09-08,195.54725646972656,100.62222290039062,85.32987213134766,54.61445999145508,40.412498474121094,64.95001983642578,201.89999389648438,168.2820281982422,237.42745971679688,309.2068176269531,83.03082275390625,101.86287689208984,643.3727416992188,42.828765869140625
2025-09-09,195.47872924804688,101.80165100097656,85.37818145751953,55.79361343383789,41.33930587768555,65.17382049560547,198.8300018310547,170.7316131591797,233.9041748046875,308.9300537109375,82.67568969726562,101.87284088134766,644.8601684570312,42.888031005859375
2025-09-10,195.71365356445312,102.58143615722656,85.59077453613281,57.532859802246094,41.74478530883789,65.53384399414062,197.22000122070312,177.300537109375,226.35855102539062,302.4256591796875,81.7582778930664,100.00050354003906,646.724365234375,42.996681213378906
2025-09-11,196.5750732421875,103.55618286132812,85.88069915771484,57.09068298339844,41.68685531616211,65.67980194091797,200.64999389648438,177.1505584716797,229.59239196777344,304.8870544433594,81.24531555175781,102.23136901855469,652.0988159179688,43.3423957824707
2025-09-12,195.4102020263672,103.6341552734375,84.7886962890625,56.746761322021484,41.715816497802734,66.14686584472656,198.49000549316406,177.80047607421875,233.62472534179688,301.891845703125,80.79154968261719,103.06794738769531,651.8805541992188,43.13496398925781
2025-09-15,196.01710510253906,104.25798797607422,85.194580078125,57.12015914916992,42.62331771850586,65.75764465332031,203.6699981689453,177.73049926757812,236.24969482421875,298.60009765625,81.56098175048828,103.26713562011719,655.3511352539062,43.37202835083008
2025-09-16,196.7708282470703,104.37496185302734,86.13194274902344,58.122440338134766,43.71424102783203,65.4365463256836,202.33999633789062,174.86080932617188,237.6969451904297,299.80609130859375,83.22811889648438,102.99822998046875,654.4487915039062,43.243621826171875
2025-09-17,197.26026916503906,105.25222778320312,85.99665069580078,57.99469757080078,43.57908248901367,65.78683471679688,203.57000732421875,170.27130126953125,238.5353546142578,301.4667663574219,82.09368133544922,103.84475708007812,653.6357421875,43.28313064575195
2025-09-18,197.3777313232422,105.45692443847656,86.18026733398438,57.89643096923828,43.33772659301758,65.95225524902344,209.74000549316406,176.2206573486328,237.42745971679688,297.6808166503906,82.29096984863281,103.17749786376953,656.6898803710938,43.49055480957031
2025-09-19,198.84600830078125,105.65186309814453,86.58613586425781,56.28492736816406,42.631439208984375,66.51661682128906,211.60000610351562,176.6505889892578,245.032958984375,298.90655517578125,83.41554260253906,101.91268157958984,659.9423217773438,43.925167083740234
2025-09-22,201.1561279296875,106.79231262207031,86.06430053710938,56.736934661865234,43.43359375,66.16632080078125,217.27000427246094,183.58984375,255.5928192138672,299.509521484375,84.13566589355469,102.40067291259766,663.0645751953125,44.15235137939453
2025-09-23,200.70584106445312,106.19772338867188,86.11262512207031,57.532859802246094,43.472721099853516,66.7890625,207.47000122070312,178.410400390625,253.9459686279297,299.70721435546875,84.53025817871094,102.10189819335938,659.4551391601562,43.95479965209961
2025-09-24,200.4415740966797,105.84680938720703,86.0932846069336,57.9652214050293,44.55855941772461,67.60641479492188,206.83999633789062,176.9505615234375,251.8300018310547,300.8341369628906,83.12947082519531,102.31105041503906,657.3569946289062,43.89553451538086
2025-09-25,199.54103088378906,107.18220520019531,86.74075317382812,58.53514099121094,44.28465270996094,67.24639129638672,199.9600067138672,177.67050170898438,256.3813171386719,298.8274230957031,82.69542694091797,102.62974548339844,654.3242797851562,43.806636810302734
2025-09-26,199.32566833496094,107.5623550415039,86.73109436035156,58.35826873779297,44.578125,67.22692108154297,195.39999389648438,178.17044067382812,254.97401428222656,301.7336730957031,82.2613754272461,102.73929595947266,658.072998046875,43.79676055908203
2025-09-29,200.37303161621094,108.30315399169922,87.16595458984375,57.45425796508789,44.04987716674805,67.36315155029297,207.4600067138672,181.83004760742188,253.9459686279297,299.509521484375,84.48092651367188,102.65962219238281,659.9224243164062,44.13259506225586
2025-09-30,200.78416442871094,108.46886444091797,86.96302032470703,57.22825241088867,43.53141403198242,68.31672668457031,206.75999450683594,186.55950927734375,254.14559936523438,300.3992004394531,83.45500183105469,102.63969421386719,662.4082641601562,44.221492767333984
2025-10-01,200.9114227294922,109.2973861694336,87.04032897949219,56.560062408447266,43.296634674072266,67.2950439453125,208.6199951171875,187.21945190429688,254.9640350341797,297.06787109375,83.25770568847656,101.54418182373047,664.6654052734375,44.31039047241211
2025-10-02,200.11854553222656,108.3323974609375,87.81342315673828,56.41266632080078,42.96403884887695,67.51883697509766,211.24000549316406,188.8692626953125,256.6408386230469,296.4352722167969,85.54631042480469,101.28524017333984,665.4309692382812,44.37953186035156
2025-10-03,200.72543334960938,110.39884948730469,87.9680404663086,56.6976318359375,43.43359375,67.99562072753906,224.88999938964844,187.5994110107422,257.5291442871094,297.52264404296875,85.2503662109375,101.65373992919922,665.421142578125,44.932674407958984
2025-10-06,200.69607543945312,110.43782806396484,88.0840072631836,56.94329071044922,44.294437408447266,67.5577621459961,229.52000427246094,185.51962280273438,256.2016906738281,292.6393737792969,80.99870300292969,102.28116607666016,667.8074951171875,44.962303161621094
2025-10-07,199.30609130859375,110.08692932128906,87.65361022949219,56.727108001708984,44.72486114501953,67.14908599853516,225.10000610351562,185.01968383789062,255.99208068847656,292.9161682128906,80.18980407714844,102.81896209716797,665.3316040039062,44.71536636352539
2025-10-08,198.22933959960938,109.50208282470703,86.48958587646484,56.00979232788086,44.55855941772461,66.6139144897461,232.4199981689453,189.0892333984375,257.5690612792969,291.0181884765625,78.95671844482422,102.48035430908203,669.2990112304688,44.784507751464844
2025-10-09,199.50184631347656,109.19017028808594,87.25255584716797,55.665870666503906,44.881378173828125,65.50465393066406,229.8800048828125,192.54885864257812,253.55670166015625,290.43499755859375,78.70024108886719,101.3549575805664,667.3600463867188,44.52769470214844
2025-10-10,196.94703674316406,108.01924896240234,86.9004135131836,54.31966781616211,43.0129508972168,64.969482421875,211.38999938964844,183.139892578125,244.80340576171875,293.5982360839844,77.39810180664062,101.42467498779297,649.32275390625,43.90541076660156
2025-10-13,,,,,,,,188.29933166503906,247.18885803222656,296.66259765625,78.94685363769531,101.70352935791016,659.2860107421875,
2025-10-14,199.8738250732422,109.72151184082031,88.14269256591797,54.349151611328125,42.494483947753906,64.95001983642578,214.83999633789062,180.01022338867188,247.29864501953125,301.0614929199219,80.05169677734375,106.77277374267578,658.4805908203125,44.577083587646484
2025-10-15,201.93923950195312,111.14824676513672,88.61221313476562,53.99540710449219,42.416229248046875,65.08625030517578,219.4199981689453,179.8102569580078,248.8656463623047,301.7435607910156,81.7385482788086,108.5853500366211,661.4039306640625,44.932674407958984
2025-10-16,199.88360595703125,108.95401763916016,87.94706726074219,53.2584342956543,41.56516647338867,64.58999633789062,220.10000610351562,181.7900390625,246.979248046875,301.8226318359375,83.19851684570312,106.03579711914062,656.8995971679688,44.6165885925293
2025-10-17,199.95213317871094,109.27872467041016,87.36994171142578,53.10121154785156,41.27169418334961,64.20079040527344,220.92999267578125,183.19989013671875,251.81002807617188,304.5509338378906,84.20471954345703,107.29065704345703,660.62841796875,44.26100158691406
2025-10-20,201.85113525390625,110.27252197265625,87.9079360961914,52.80642318725586,41.31082534790039,64.45377349853516,231.35000610351562,182.6199493408203,261.7411193847656,304.234619140625,83.38594818115234,106.61343383789062,667.499267578125,44.70548629760742
2025-10-21,201.097412109375,110.83338165283203,88.3089828491211,52.58041763305664,40.99778747558594,64.50242614746094,227.9600067138672,181.14010620117188,262.2701110839844,303.9479675292969,84.73741149902344,105.78681182861328,667.4893188476562,44.093082427978516
2025-10-22,200.93099975585938,111.29583740234375,87.77098846435547,53.72026443481445,41.52603530883789,64.9305648803711,226.55999755859375,180.2602081298828,257.9583435058594,306.5477294921875,84.34281921386719,106.70306396484375,664.0191040039062,44.211612701416016
2025-10-23,201.97836303710938,111.32535552978516,88.21116638183594,54.457237243652344,42.7292594909668,64.20079040527344,233.50999450683594,182.13999938964844,259.0861511230469,303.4438171386719,84.28363800048828,106.42420196533203,667.9566650390625,44.47830581665039
2025-10-24,202.51675415039062,111.53199005126953,88.70024871826172,54.7618522644043,42.82708740234375,63.87968826293945,242.1199951171875,186.23953247070312,262.32000732421875,302.2773742675781,84.92483520507812,105.73701477050781,673.4155883789062,44.72523880004883
2025-10-27,204.5877685546875,112.42739868164062,89.3360595703125,55.095943450927734,43.149906158447266,64.39539337158203,245.1699981689453,191.46897888183594,268.2986145019531,306.43902587890625,86.03954315185547,104.04395294189453,681.3603515625,44.73512268066406
2025-10-28,204.93295288085938,113.44087982177734,89.85448455810547,54.29018783569336,42.7292594909668,63.87968826293945,249.38999938964844,201.0079345703125,268.4882507324219,302.8803405761719,84.27376556396484,102.7492446899414,683.1700439453125,44.903038024902344
2025-10-29,201.72779846191406,112.20108032226562,89.11107635498047,54.8208122253418,43.85423278808594,63.36397933959961,249.7100067138672,207.01727294921875,269.1869201660156,298.87689208984375,83.03082275390625,102.04214477539062,683.4982299804688,44.40916442871094
2025-10-30,201.3037109375,112.80130004882812,89.85448455810547,54.59480667114258,43.69771194458008,63.93806838989258,242.9499969482422,202.8677215576172,270.8836669921875,298.9559631347656,82.0246353149414,101.8130874633789,675.9810180664062,44.45854949951172
2025-10-31,202.63510131835938,113.3129653930664,89.98165130615234,54.879764556884766,43.89336013793945,63.63643264770508,243.86000061035156,202.4677734375,269.85565185546875,295.0019226074219,79.7754898071289,100.76737213134766,678.1983032226562,44.58695602416992
2025-11-03,204.36094665527344,113.3326416015625,90.34357452392578,54.71272277832031,43.922706604003906,63.75319290161133,242.9600067138672,206.85728454589844,268.53814697265625,292.965576171875,79.86426544189453,101.17568969726562,679.4711303710938,44.64622497558594
2025-11-04,202.56605529785156,111.73861694335938,90.65658569335938,54.68324279785156,43.218379974365234,63.63643264770508,227.22999572753906,198.66818237304688,269.5262756347656,295.77294921875,78.52267456054688,101.85292053222656,671.4169921875,43.974552154541016
2025-11-05,202.80274963378906,112.02397155761719,90.38269805908203,57.15946578979492,44.030311584472656,64.00617980957031,230.6300048828125,195.18858337402344,269.6260986328125,302.15875244140625,81.7582778930664,101.05618286132812,673.7437133789062,44.43880081176758
2025-11-06,202.41812133789062,111.71894836425781,90.96959686279297,58.2403564453125,43.472721099853516,64.45377349853516,220.3300018310547,188.05935668945312,269.25677490234375,294.9821472167969,81.10721588134766,101.26532745361328,666.514892578125,44.093082427978516
2025-11-07,201.1952362060547,111.75830841064453,91.49781036376953,58.72184371948242,43.43359375,65.13490295410156,214.22000122070312,188.1293487548828,267.9592590332031,296.2178039550781,84.41188049316406,102.1716079711914,667.1710815429688,44.12271499633789
2025-11-10,202.99998474121094,111.89605712890625,92.15318298339844,59.34089660644531,43.84444808959961,65.33924102783203,222.69000244140625,199.0281524658203,269.1781311035156,295.6642150878906,83.45500183105469,102.00231170654297,677.5818481445312,44.67585754394531
2025-11-11,203.95660400390625,112.51594543457031,91.49781036376953,60.64779281616211,44.39226150512695,65.85494995117188,222.7100067138672,193.1387939453125,274.99267578125,303.305419921875,85.2503662109375,103.01815032958984,679.1329956054688,44.88328170776367
2025-11-12,205.8796844482422,114.03125,92.9259262084961,60.84431457519531,44.43138885498047,66.40957641601562,219.49000549316406,193.7787322998047,273.21435546875,303.4141845703125,86.07901000976562,103.01815032958984,679.5109252929688,45.42654800415039
2025-11-13,203.00985717773438,112.3880386352539,92.35859680175781,60.1171760559082,44.666168212890625,65.93279266357422,205.8800048828125,186.8394775390625,272.6948547363281,304.0467834472656,85.27010345458984,102.121826171875,668.235107421875,44.626468658447266
2025-11-14,202.62522888183594,112.22077178955078,92.58358001708984,61.08997344970703,46.03569412231445,66.27125549316406,204.9199981689453,190.14910888671875,272.15533447265625,303.50311279296875,84.23676300048828,102.06207275390625,668.1256713867188,44.75487518310547
2025-11-17,204.07493591308594,112.62419128417969,92.5933609008789,61.3651123046875,45.84982681274414,66.22191619873047,196.88999938964844,186.5795135498047,267.2099609375,301.3975830078125,83.15374755859375,102.5301513671875,661.901123046875,44.37953186035156
2025-11-18,205.5049591064453,113.0866470336914,92.73030090332031,62.10208511352539,46.52481460571289,66.61662292480469,196.32000732421875,181.340087890625,267.19000244140625,301.0911560058594,82.79605865478516,100.97650909423828,656.3427734375,44.340023040771484
2025-11-19,205.63314819335938,112.83081817626953,91.97710418701172,62.151214599609375,46.74980545043945,67.48497009277344,205.36000061035156,186.49952697753906,268.3089294433594,299.26239013671875,83.14381408691406,100.19969177246094,658.8783569335938,44.61845016479492
2025-11-20,205.11045837402344,112.82098388671875,91.54670715332031,61.89573287963867,46.8574104309082,67.22840881347656,203.9199981689453,180.6201629638672,266.0010986328125,300.6661071777344,82.09060668945312,106.67318725585938,648.8355712890625,44.260467529296875
2025-11-21,208.46356201171875,113.7360610961914,91.94776916503906,61.345458984375,46.0846061706543,66.70542907714844,208.27999877929688,178.86036682128906,271.2361755371094,305.7964782714844,84.80310821533203,104.8904800415039,655.2987670898438,44.578678131103516
2025-11-24,208.47341918945312,114.83809661865234,91.90863800048828,61.3651123046875,45.468318939208984,65.89627838134766,219.13999938964844,182.52996826171875,275.6620788574219,301.3975830078125,82.80598449707031,103.6356201171875,664.9437866210938,45.11564636230469
2025-11-25,211.75747680664062,114.17884826660156,93.5910873413086,61.433895111083984,45.82048034667969,66.19231414794922,221.99000549316406,177.80047607421875,276.7110900878906,306.88385009765625,85.35952758789062,106.56362915039062,671.1982421875,45.602901458740234
2025-11-26,212.09278869628906,115.27104949951172,94.76488494873047,61.33563232421875,45.781349182128906,66.5771484375,223.8699951171875,180.24020385742188,277.29052734375,308.8114318847656,86.14445495605469,108.65506744384766,675.8318481445312,45.96088409423828
2025-11-27,212.43795776367188,115.18247985839844,94.77466583251953,61.414241790771484,45.71287536621094,66.5278091430664,224.0,,,,,,,46.00065612792969
2025-11-28,213.1578826904297,115.76303100585938,94.8235855102539,61.74833679199219,46.26068878173828,67.03105926513672,223.22000122070312,176.98056030273438,278.5893249511719,308.23809814453125,86.55183410644531,110.05931854248047,679.5208129882812,46.16970443725586
2025-12-01,211.13616943359375,115.08409118652344,93.93344116210938,61.6599006652832,46.63241195678711,67.53431701660156,209.11000061035156,179.90025329589844,282.8353576660156,301.88360595703125,84.36593627929688,111.07514953613281,676.41845703125,45.74211502075195
2025-12-02,213.22691345214844,116.30420684814453,96.5647201538086,60.372657775878906,45.918304443359375,66.39952850341797,219.36000061035156,181.44007873535156,285.9224548339844,299.0494384765625,84.65406799316406,111.95156860351562,677.67138671875,45.74211502075195
2025-12-03,215.62338256835938,115.81221771240234,95.93869018554688,61.8809814453125,46.60306930541992,65.74826049804688,223.1300048828125,179.57028198242188,283.8843688964844,306.0006103515625,86.55183410644531,113.94341278076172,680.0180053710938,45.91115951538086
2025-12-04,220.96859741210938,118.16388702392578,96.18323516845703,61.99013900756836,47.04327392578125,66.36992645263672,226.6699981689453,183.37008666992188,280.4375915527344,306.82598876953125,84.45535278320312,114.37165832519531,680.51513671875,46.398414611816406
2025-12-05,221.6195068359375,120.24004364013672,97.09292602539062,60.719966888427734,46.91610336303711,65.69892883300781,222.77999877929688,182.40013122558594,278.5193786621094,309.5010681152344,84.5745849609375,114.64055633544922,681.8078002929688,46.159759521484375
2025-12-08,223.32562255859375,120.19085693359375,97.2200927734375,60.56119918823242,46.18242645263672,65.9258804321289,219.67999267578125,185.5399627685547,277.6302185058594,308.0690612792969,82.87554168701172,113.09687042236328,679.7594604492188,45.89127731323242
2025-12-09,222.9114227294922,121.48967742919922,97.85590362548828,60.1741943359375,45.65418243408203,64.99832153320312,221.75999450683594,184.95999145507812,276.9208679199219,309.0635070800781,81.75277709960938,114.59075927734375,679.1727905273438,45.9509391784668
2025-12-10,224.60769653320312,123.86102294921875,98.01240539550781,60.481815338134766,45.49766159057617,64.26811218261719,232.49000549316406,183.77005004882812,278.5193786621094,308.804931640625,83.3127212524414,112.71842193603516,683.6771850585938,46.308921813964844
2025-12-11,226.82664489746094,124.4021987915039,98.20804595947266,60.51158142089844,44.62703323364258,64.37665557861328,226.91000366210938,180.92019653320312,277.77008056640625,307.9894714355469,84.19701385498047,115.04888153076172,685.26806640625,46.53763198852539
2025-12-12,225.14022827148438,123.78231048583984,97.9830551147461,60.541351318359375,45.03136444091797,64.59375,226.14999389648438,175.01052856445312,278.0198669433594,314.9605407714844,84.80310821533203,116.46098327636719,677.9000854492188,46.438194274902344
2025-12-15,226.92527770996094,124.71707153320312,98.35476684570312,59.60857391357422,44.25838088989258,64.79110717773438,220.22000122070312,176.28045654296875,273.8537292480469,316.95941162109375,84.85279083251953,116.5508041381836,676.8758544921875,46.38847351074219
2025-12-16,225.6234893798828,124.08733367919922,98.03196716308594,57.614013671875,42.613311767578125,63.380027770996094,224.35000610351562,177.71038818359375,274.353271484375,312.7528991699219,84.53484344482422,115.18360900878906,675.0264282226562,46.05038070678711
2025-12-17,224.7161865234375,123.76262664794922,96.35930633544922,58.526947021484375,43.55476760864258,63.80433654785156,223.02000427246094,170.93075561523438,271.58587646484375,316.91961669921875,84.66400909423828,115.42312622070312,667.5986938476562,46.05038070678711
2025-12-18,227.1816864013672,125.44519805908203,97.17117309570312,58.01094055175781,43.019622802734375,63.57737731933594,229.89999389648438,174.1305694580078,271.935546875,317.874267578125,88.84703063964844,114.59481811523438,672.6399536132812,46.40835952758789
2025-12-19,229.499267578125,125.93717956542969,97.93415832519531,58.526947021484375,43.59440994262695,63.449100494384766,233.8000030517578,180.98020935058594,273.4141845703125,314.08544921875,87.7640151977539,114.12578582763672,678.7363891601562,46.796173095703125
2025-12-22,230.3375244140625,125.92735290527344,98.20804595947266,58.60633087158203,44.08000183105469,63.54777526855469,233.3800048828125,183.6800537109375,270.7166748046875,314.46331787109375,85.61785125732422,112.369384765625,682.96484375,47.02488327026367
2025-12-23,230.82077026367188,126.85226440429688,98.83406829833984,58.63610076904297,44.55568313598633,64.12996673583984,232.1199951171875,189.19976806640625,272.1053771972656,309.11322021484375,83.3226547241211,110.67286682128906,686.0863037109375,47.1143798828125
2025-12-24,230.62353515625,127.08841705322266,99.0981674194336,58.64602279663086,44.664695739746094,64.02142333984375,231.75999450683594,188.59979248046875,273.55401611328125,311.5893859863281,84.02810668945312,111.38141632080078,688.4996948242188,47.0944938659668
2025-12-26,,,,,,,,190.51968383789062,273.1444091796875,308.9541015625,84.53484344482422,111.51114654541016,688.4298706054688,
2025-12-29,231.9351806640625,127.51152038574219,99.0688247680664,59.44980239868164,45.0809211730957,64.46546936035156,229.85000610351562,188.20980834960938,273.50408935546875,306.8160400390625,85.02169799804688,112.29953002929688,685.9765625,47.00499725341797
2025-12-30,231.75765991210938,127.72798919677734,99.11773681640625,60.50165939331055,46.05210494995117,64.90951538085938,224.2100067138672,187.52984619140625,272.82470703125,306.3188171386719,84.70375061035156,111.69078063964844,685.138916015625,46.95527648925781
2025-12-31,230.76161193847656,127.28520965576172,99.0199203491211,60.45204162597656,46.07192611694336,64.81083679199219,221.0,186.4899139404297,271.6058349609375,303.9321594238281,83.67041015625,111.18183135986328,680.062744140625,46.726566314697266
2026-01-02,231.33360290527344,127.73783874511719,100.16437530517578,62.12906265258789,46.696258544921875,65.18580627441406,216.1300048828125,188.83978271484375,270.75665283203125,301.5753479003906,83.43195343017578,112.52906036376953,681.309326171875,46.985107421875
2026-01-05,234.9628143310547,130.14852905273438,100.57520294189453,61.10697555541992,43.881797790527344,63.22214126586914,229.05999755859375,188.1098175048828,267.0101623535156,298.1942138671875,86.00535583496094,112.47916412353516,685.846923828125,47.442527770996094
2026-01-06,232.20144653320312,128.63323974609375,98.61748504638672,62.00006103515625,43.20791244506836,62.3143196105957,233.0,187.22987365722656,262.1147155761719,301.0880432128906,88.88677215576172,114.10581970214844,689.92578125,47.64140701293945
2026-01-07,231.44207763671875,128.0723876953125,98.72624969482422,62.2183723449707,41.99888610839844,61.8801383972168,231.1199951171875,189.09976196289062,260.08660888671875,302.4703369140625,86.13452911376953,112.48914337158203,687.701904296875,47.2237663269043
2026-01-08,231.78724670410156,129.04649353027344,99.94241333007812,62.84353256225586,43.316925048828125,62.008419036865234,233.44000244140625,185.0299835205078,258.7978515625,307.16412353515625,87.61497497558594,112.83842468261719,687.632080078125,47.65135192871094
2026-01-09,232.27049255371094,130.13784790039062,99.48758697509766,64.50070190429688,44.21874237060547,62.69915771484375,229.02999877929688,184.84999084472656,259.1275329589844,305.61279296875,88.31048583984375,114.2954330444336,692.1796264648438,47.94967269897461
2026-01-12,232.06338500976562,129.62193298339844,99.36893463134766,64.133544921875,44.40703582763672,62.866905212402344,233.0399932861328,184.92999267578125,260.0067138671875,305.0459289550781,89.3835678100586,117.7283935546875,693.2666625976562,48.208213806152344
2026-01-13,231.32373046875,129.3838348388672,99.74465942382812,66.17772674560547,45.57642364501953,63.478702545166016,232.4199981689453,185.79994201660156,260.8059387207031,307.72100830078125,89.97972106933594,120.11349487304688,691.8804931640625,48.238040924072266
2026-01-14,230.85035705566406,129.15562438964844,100.1895980834961,68.38066864013672,47.59807586669922,63.80433654785156,218.61000061035156,183.1300811767578,259.71697998046875,306.41827392578125,90.56594848632812,119.79415130615234,688.479736328125,48.257930755615234
2026-01-15,232.0929718017578,129.6814727783203,101.030029296875,67.52727508544922,47.01338195800781,64.21878051757812,219.67999267578125,187.03988647460938,257.9685974121094,306.9055480957031,92.68229675292969,118.95586395263672,690.3546142578125,48.41703414916992
2026-01-16,232.17185974121094,129.52272033691406,101.030029296875,68.57913208007812,47.36023712158203,65.29434967041016,217.02999877929688,186.21990966796875,255.29112243652344,305.72216796875,92.39414978027344,119.45484161376953,689.7761840820312,48.367313385009766
2026-01-19,231.71823120117188,128.96713256835938,101.04979705810547,68.90660095214844,47.617897033691406,65.07726287841797,214.14999389648438,,,,,,,48.377262115478516
2026-01-20,228.70042419433594,127.65751647949219,100.2291488647461,67.7852783203125,47.1917610168457,64.31745147705078,200.05999755859375,178.06036376953125,246.46937561035156,301.15765380859375,93.05986785888672,118.46687316894531,675.7345581054688,47.69112777709961
2026-01-21,229.10476684570312,128.5305938720703,100.911376953125,69.2936019897461,49.302608489990234,64.52467346191406,191.5800018310547,183.31008911132812,247.41848754882812,303.9918212890625,95.8121109008789,119.11553955078125,683.5332641601562,47.86017608642578
2026-01-22,229.5880126953125,129.5326385498047,101.32665252685547,68.19213104248047,48.450340270996094,64.59375,189.69000244140625,184.82998657226562,248.1178436279297,304.3299255371094,95.21595764160156,117.58867645263672,687.103515625,47.9795036315918
2026-01-23,229.499267578125,129.34413146972656,101.48484802246094,69.0752944946289,49.02512741088867,65.17594146728516,189.0399932861328,187.6598358154297,247.80812072753906,307.53204345703125,96.99449157714844,117.48888397216797,687.352783203125,48.1087760925293
2026-01-26,227.99952697753906,129.06634521484375,101.8407974243164,69.59129333496094,48.9854850769043,64.7713623046875,187.02999877929688,186.4599151611328,255.17123413085938,311.2115173339844,95.71275329589844,117.39906311035156,690.84326171875,48.078941345214844
2026-01-27,227.63204956054688,129.3937530517578,102.34506225585938,70.037841796875,49.3620719909668,64.32732391357422,186.82000732421875,188.50979614257812,258.0285339355469,312.38494873046875,95.1066665649414,116.70050048828125,693.5957641601562,47.989444732666016
2026-01-28,224.39419555664062,125.90145111083984,100.93115234375,71.24847412109375,49.778289794921875,64.92925262451172,188.58999633789062,191.5096435546875,256.2002868652344,311.06231689453125,94.55025482177734,116.33125305175781,693.5259399414062,48.02922058105469
2026-01-29,225.97340393066406,126.98286437988281,101.8803482055664,71.73470306396484,50.561187744140625,65.55091094970703,193.52999877929688,192.49957275390625,258.0385437011719,313.7572937011719,93.27845001220703,117.16954040527344,692.1497192382812,47.989444732666016
2026-01-30,225.1788330078125,126.25861358642578,100.65430450439453,71.41716766357422,50.17469787597656,65.59038543701172,178.6699981689453,191.11965942382812,259.2374267578125,313.2501220703125,91.3608169555664,118.89598846435547,690.0853271484375,46.6370735168457
2026-02-02,228.9430694580078,128.14366149902344,101.64305114746094,71.42709350585938,49.4611701965332,65.11672973632812,180.6199951171875,185.59996032714844,269.7575988769531,316.760498046875,91.10248565673828,123.80591583251953,693.5159912109375,47.06466293334961
2026-02-03,231.1678466796875,129.17547607421875,101.61338806152344,72.2904052734375,50.6503791809082,66.37979125976562,163.17999267578125,180.33023071289062,269.22808837890625,317.7052307128906,92.44383239746094,127.44844055175781,687.6520385742188,47.14421081542969
2026-02-04,230.79042053222656,129.34413146972656,100.950927734375,71.44692993164062,52.17653274536133,67.63298797607422,156.72000122070312,174.18057250976562,276.23150634765625,321.891845703125,96.3486557006836,127.73784637451172,684.3211059570312,47.40275192260742
2026-02-05,229.55885314941406,129.1457061767578,102.03854370117188,72.1613998413086,51.43327713012695,68.22505187988281,152.41000366210938,171.87069702148438,275.6520690917969,321.6830139160156,95.45442199707031,126.68002319335938,675.7744750976562,46.82600402832031
2026-02-06,231.13804626464844,130.95140075683594,103.12617492675781,72.89571380615234,52.9197883605957,67.83033752441406,153.05999755859375,185.39996337890625,277.8599853515625,325.3425598144531,98.81275939941406,130.9113311767578,688.739013671875,47.38286590576172
2026-02-09,234.68377685546875,132.12210083007812,104.10502624511719,73.55065155029297,52.642303466796875,67.7119369506836,160.63999938964844,190.0297088623047,274.6199951171875,323.7912292480469,98.34577941894531,128.75576782226562,692.0599975585938,48.128662109375
2026-02-10,236.20338439941406,132.58840942382812,104.27310943603516,73.43157196044922,52.5531120300293,68.3335952758789,172.5399932861328,188.52978515625,273.67999267578125,324.1591796875,96.90506744384766,126.44050598144531,690.2349243164062,48.50653076171875
2026-02-11,233.11453247070312,131.03077697753906,103.58099365234375,75.30705261230469,54.673866271972656,69.02433013916016,160.41000366210938,190.0397186279297,275.5,321.41448974609375,98.48487854003906,128.5062713623047,690.075439453125,48.377262115478516
2026-02-12,228.9232177734375,129.15562438964844,102.11764526367188,74.32466125488281,53.940521240234375,69.68547058105469,150.5500030517578,186.9298858642578,261.7300109863281,330.2351989746094,96.13999938964844,133.3662872314453,679.41455078125,47.5220832824707
2026-02-13,229.4098663330078,128.9075927734375,101.9990005493164,75.6642837524414,54.89188766479492,72.33000183105469,153.8800048828125,182.80010986328125,255.77999877929688,325.7602233886719,93.79000091552734,133.61578369140625,679.8931884765625,48.257930755615234
2026-02-17,229.41981506347656,129.3739013671875,102.85920715332031,74.62235260009766,54.881980895996094,70.20999908447266,154.8000030517578,184.95999145507812,263.8800048828125,325.79998779296875,95.38999938964844,128.5861053466797,680.9901733398438,48.1087760925293
2026-02-18,232.3894805908203,130.62399291992188,102.85920715332031,75.89252471923828,56.576602935791016,69.70999908447266,166.57000732421875,187.96981811523438,264.3500061035156,326.0685119628906,95.76000213623047,126.36067199707031,684.4208374023438,48.80485153198242
2026-02-19,232.36962890625,130.237060546875,103.16571807861328,77.172607421875,57.70634841918945,70.6500015258789,169.61000061035156,187.88983154296875,260.5799865722656,325.2928161621094,95.80000305175781,124.6142578125,682.61572265625,49.02361297607422
2026-02-20,234.395751953125,131.74508666992188,104.55985260009766,75.64443969726562,57.478416442871094,70.55000305175781,172.88999938964844,189.8097381591797,264.5799865722656,327.40106201171875,97.48999786376953,122.73810577392578,687.5523071289062,49.2921028137207
2026-02-23,232.4093475341797,130.26683044433594,102.83943176269531,76.47798919677734,57.49823760986328,71.75,160.6699981689453,191.53964233398438,266.17999267578125,332.7014465332031,94.77999877929688,125.55233001708984,680.531494140625,49.132999420166016
2026-02-24,232.45901489257812,129.30445861816406,102.15719604492188,76.11082458496094,57.82526779174805,71.80000305175781,160.4600067138672,192.83956909179688,272.1400146484375,331.1998291015625,96.51000213623047,126.49040985107422,685.4779052734375,49.31999969482422
2026-02-25,235.5975341796875,131.9137725830078,102.69112396240234,75.62459564208984,57.70634841918945,71.69000244140625,164.63999938964844,195.54940795898438,274.2300109863281,331.1600646972656,97.93000030517578,125.4924545288086,691.26220703125,49.630001068115234
2026-02-26,230.56198120117188,134.07659912109375,103.87761688232422,75.326904296875,58.41987609863281,71.45999908447266,172.14999389648438,184.87998962402344,272.95001220703125,332.6716003417969,98.08000183105469,124.16517639160156,687.422607421875,50.029998779296875
2026-02-27,226.51966857910156,131.8343963623047,102.31539916992188,76.45814514160156,59.133399963378906,72.47000122070312,164.6699981689453,177.180419921875,264.17999267578125,339.16534423828125,98.0199966430664,127.68794250488281,684.1216430664062,49.709999084472656
2026-03-02,229.1715087890625,133.3225860595703,102.2066421508789,78.44277954101562,60.03521728515625,73.72000122070312,163.32000732421875,182.47012329101562,264.7200012207031,332.96002197265625,96.76000213623047,126.83969116210938,684.5106201171875,50.060001373291016
2026-03-03,225.22850036621094,132.54873657226562,99.31949615478516,77.51000213623047,59.817195892333984,74.30000305175781,166.6699981689453,180.04025268554688,263.75,332.1700134277344,96.68000030517578,127.64803314208984,678.4771118164062,49.15999984741211
2026-03-04,224.87094116210938,133.6400604248047,100.38734436035156,78.20999908447266,59.69827651977539,73.88999938964844,176.75,183.03009033203125,262.5199890136719,331.739990234375,97.1500015258789,127.54823303222656,683.2639770507812,49.41999816894531
2026-03-05,223.26194763183594,131.73516845703125,98.58782958984375,78.73999786376953,61.40280532836914,73.62999725341797,184.25999450683594,183.330078125,260.2900085449219,327.45001220703125,98.69000244140625,123.05744934082031,679.4544067382812,49.04999923706055
2026-03-06,220.9676513671875,129.0365753173828,96.9267349243164,77.19999694824219,62.39381408691406,73.47000122070312,176.77999877929688,177.8103790283203,257.4599914550781,328.05999755859375,98.98999786376953,123.54644775390625,670.5487060546875,48.279998779296875
2026-03-09,220.44125366210938,128.4512176513672,95.1469955444336,78.05999755859375,62.20552444458008,73.30000305175781,181.4199981689453,182.64010620117188,259.8800048828125,330.79998779296875,99.7699966430664,124.08534240722656,676.4227294921875,48.459999084472656
2026-03-10,223.0831756591797,129.22508239746094,96.10607147216797,77.76000213623047,61.551456451416016,72.95999908447266,175.77999877929688,184.760009765625,260.8299865722656,327.94000244140625,100.7699966430664,124.8637466430664,675.3356323242188,48.54999923706055
2026-03-11,222.66603088378906,129.28460693359375,95.84900665283203,79.0999984741211,63.60284423828125,72.86000061035156,175.97000122070312,186.02999877929688,260.80999755859375,325.2099914550781,101.44000244140625,123.2370834350586,674.4879760742188,48.369998931884766
2026-03-12,220.6001739501953,127.23090362548828,94.28678131103516,81.45999908447266,65.57494354248047,73.12000274658203,171.94000244140625,183.13999938964844,255.75999450683594,323.9100036621094,100.18000030517578,125.07331848144531,664.2459106445312,48.029998779296875
2026-03-13,219.9645233154297,127.04239654541016,93.31781005859375,81.83000183105469,65.9118881225586,74.27999877929688,168.8300018310547,180.25,250.1199951171875,326.4599914550781,99.1500015258789,126.26087188720703,660.4862060546875,47.70000076293945
2026-03-16,222.68589782714844,129.2647705078125,94.67239379882812,82.93000030517578,66.13981628417969,74.63999938964844,173.2100067138672,183.22000122070312,252.82000732421875,326.6499938964844,97.81999969482422,125.73196411132812,667.2078857421875,48.27000045776367
2026-03-17,223.36126708984375,130.38587951660156,95.1074447631836,84.11000061035156,66.54613494873047,73.9800033569336,175.13999938964844,181.92999267578125,254.22999572753906,326.29998779296875,97.56999969482422,124.8238296508789,668.9630126953125,48.369998931884766
2026-03-18,221.43446350097656,128.49090576171875,94.77127075195312,85.12999725341797,66.88307189941406,73.08000183105469,170.05999755859375,180.39999389648438,249.94000244140625,315.7300109863281,92.66000366210938,121.73017883300781,659.6285400390625,47.540000915527344
2026-03-19,218.7528076171875,127.62775421142578,93.43646240234375,87.01000213623047,68.875,74.18000030517578,168.25999450683594,178.55999755859375,248.9600067138672,309.5799865722656,95.83000183105469,120.84199523925781,658.0029907226562,47.02000045776367
2026-03-20,217.01470947265625,125.11766052246094,92.55648040771484,87.48999786376953,67.38999938964844,73.31999969482422,160.63999938964844,172.6999969482422,247.99000549316406,308.8500061035156,92.55000305175781,119.0199966430664,648.5700073242188,46.22999954223633
2026-03-23,220.39158630371094,127.35987091064453,93.94072723388672,86.69999694824219,66.48999786376953,74.3499984741211,166.17999267578125,175.63999938964844,251.49000549316406,308.4700012207031,93.83000183105469,120.72000122070312,655.3800048828125,47.04999923706055
2026-03-24,221.6628875732422,127.6872787475586,94.58341217041016,88.2300033569336,67.4800033569336,74.91000366210938,159.83999633789062,175.1999969482422,251.63999938964844,307.8399963378906,91.9800033569336,122.05000305175781,653.1799926757812,47.06999969482422
2026-03-25,222.98385620117188,129.29454040527344,95.54248809814453,89.41999816894531,68.0,75.29000091552734,163.72000122070312,178.67999267578125,252.6199951171875,311.70001220703125,92.69999694824219,123.05999755859375,656.8200073242188,47.66999816894531
2026-03-26,220.4909210205078,127.64759826660156,93.95060729980469,90.05999755859375,67.5199966430664,75.48999786376953,159.9499969482422,171.24000549316406,252.88999938964844,308.92999267578125,91.22000122070312,122.18000030517578,645.0900268554688,47.04999923706055
2026-03-27,218.3555450439453,125.8716812133789,93.03107452392578,92.5,69.45999908447266,75.83000183105469,155.4199981689453,167.52000427246094,248.8000030517578,305.8999938964844,86.80999755859375,122.88999938964844,634.0900268554688,47.040000915527344
2026-03-30,218.29592895507812,126.51656341552734,92.82344055175781,91.94000244140625,68.83000183105469,75.66999816894531,155.77999877929688,165.1699981689453,246.6300048828125,308.5299987792969,86.72000122070312,123.5,631.969970703125,47.06999969482422
2026-03-31,223.35134887695312,128.89767456054688,95.38429260253906,92.01000213623047,67.86000061035156,75.41000366210938,165.05999755859375,174.39999389648438,253.7899932861328,310.7900085449219,89.58999633789062,124.27999877929688,650.3400268554688,48.150001525878906
2026-04-01,225.38739013671875,130.27674865722656,96.30382537841797,90.29000091552734,64.63999938964844,74.54000091552734,164.6999969482422,175.75,255.6300048828125,307.2900085449219,90.43000030517578,124.73999786376953,655.239990234375,48.380001068115234
2026-04-02,225.79461669921875,131.46730041503906,96.54112243652344,91.72000122070312,66.1500015258789,75.4000015258789,164.5800018310547,177.38999938964844,255.9199981689453,307.1400146484375,90.37000274658203,125.79000091552734,655.8300170898438,48.630001068115234
2026-04-06,227.2744903564453,132.38998413085938,96.63999938964844,91.86000061035156,67.2300033569336,74.77999877929688,165.3699951171875,177.63999938964844,258.8599853515625,309.760009765625,94.77999877929688,126.79000091552734,658.9299926757812,48.7400016784668
2026-04-07,228.42660522460938,133.79881286621094,97.16999816894531,92.79000091552734,68.2300033569336,75.55999755859375,162.97999572753906,178.10000610351562,253.5,304.8500061035156,95.20999908447266,122.48999786376953,659.219970703125,48.849998474121094
2026-04-08,232.68743896484375,136.1699981689453,98.62000274658203,89.23999786376953,64.12000274658203,75.43000030517578,166.27000427246094,182.0800018310547,258.8999938964844,307.010009765625,97.20999908447266,127.26000213623047,676.010009765625,49.40999984741211
2026-04-09,234.22691345214844,137.94000244140625,99.73999786376953,87.6500015258789,63.13999938964844,75.38999938964844,155.42999267578125,183.91000366210938,260.489990234375,309.54998779296875,96.91999816894531,129.1300048828125,679.9099731445312,49.15999984741211
2026-04-10,236.24310302734375,139.27999877929688,100.8499984741211,89.29000091552734,64.16000366210938,75.16999816894531,153.5500030517578,188.6300048828125,260.4800109863281,305.67999267578125,96.5999984741211,126.7699966430664,679.4600219726562,49.47999954223633
2026-04-13,237.37535095214844,140.6699981689453,101.66999816894531,89.41000366210938,64.68000030517578,73.75,158.63999938964844,189.30999755859375,259.20001220703125,304.510009765625,97.4800033569336,124.56999969482422,686.0999755859375,49.75
2026-04-14,239.07374572753906,141.9499969482422,102.62000274658203,87.55999755859375,62.79999923706055,73.0,162.02999877929688,196.50999450683594,258.8299865722656,303.2200012207031,98.47000122070312,125.05000305175781,694.4600219726562,50.04999923706055
2026-04-15,240.09674072265625,142.77000427246094,103.43000030517578,86.30999755859375,62.90999984741211,72.30000305175781,175.19000244140625,198.8699951171875,266.42999267578125,306.260009765625,98.33999633789062,124.76000213623047,699.9400024414062,50.220001220703125
2026-04-16,239.46109008789062,142.47999572753906,102.79000091552734,87.37000274658203,63.470001220703125,71.98999786376953,174.1199951171875,198.35000610351562,263.3999938964844,306.9599914550781,98.36000061035156,124.81999969482422,701.6599731445312,50.06999969482422
2026-04-17,242.56979370117188,144.1699981689453,104.91999816894531,83.69000244140625,58.810001373291016,72.08999633789062,179.49000549316406,201.67999267578125,270.2300109863281,311.3599853515625,100.0,127.5,710.1400146484375,50.4900016784668
2026-04-20,244.17880249023438,145.41000366210938,104.88999938964844,84.11000061035156,59.029998779296875,71.31999969482422,184.52999877929688,202.05999755859375,273.04998779296875,306.94000244140625,98.94999694824219,127.91999816894531,708.719970703125,50.5099983215332
2026-04-21,241.15945434570312,144.11000061035156,103.77999877929688,85.7300033569336,60.54999923706055,70.9800033569336,179.19000244140625,199.8800048828125,266.1700134277344,301.8399963378906,97.80000305175781,129.60000610351562,704.0800170898438,49.880001068115234
2026-04-22,239.6199951171875,142.92999267578125,102.7699966430664,86.72000122070312,61.11000061035156,70.86000061035156,180.6199951171875,202.5,273.1700134277344,300.07000732421875,99.5199966430664,129.97999572753906,711.2100219726562,49.9900016784668
2026-04-23,239.55999755859375,143.82000732421875,102.72000122070312,88.4800033569336,62.209999084472656,71.91000366210938,170.27000427246094,199.63999938964844,273.42999267578125,302.5299987792969,99.54000091552734,132.02999877929688,708.4500122070312,50.0
2026-04-24,239.8300018310547,143.57000732421875,103.54000091552734,87.55999755859375,60.689998626708984,72.86000061035156,171.8800048828125,208.27000427246094,271.05999755859375,299.3599853515625,98.66999816894531,129.9199981689453,713.9400024414062,49.970001220703125
2026-04-27,240.77000427246094,144.13999938964844,104.25,87.91000366210938,61.43000030517578,71.56999969482422,169.49000549316406,216.61000061035156,267.6099853515625,290.2099914550781,97.88999938964844,127.58999633789062,715.1699829101562,49.810001373291016
2026-04-28,243.13999938964844,144.13999938964844,104.9000015258789,89.12999725341797,63.439998626708984,72.61000061035156,167.1699981689453,213.1699981689453,270.7099914550781,292.3900146484375,97.27999877929688,127.58999633789062,711.6900024414062,49.58000183105469
2026-04-29,239.99000549316406,142.92999267578125,103.62000274658203,91.80999755859375,64.62999725341797,73.01000213623047,166.05999755859375,209.25,270.1700134277344,290.0799865722656,105.5,128.00999450683594,711.5800170898438,49.18000030517578
2026-04-30,244.30999755859375,146.3300018310547,105.68000030517578,93.08000183105469,64.83999633789062,75.33999633789062,164.8800048828125,199.57000732421875,271.3500061035156,293.5899963378906,105.33000183105469,131.92999267578125,718.6599731445312,50.189998626708984
2026-05-01,244.1999969482422,145.83999633789062,106.05000305175781,91.83000183105469,63.880001068115234,74.58000183105469,173.47999572753906,198.4499969482422,280.1400146484375,286.6400146484375,105.9000015258789,131.60000610351562,720.6500244140625,50.04999923706055
2026-05-04,242.3699951171875,144.5399932861328,104.29000091552734,93.30000305175781,64.75,74.5,173.3699951171875,198.47999572753906,276.8299865722656,284.1000061035156,104.97000122070312,130.3300018310547,718.010009765625,49.7400016784668
2026-05-05,243.5800018310547,144.7100067138672,104.5199966430664,95.58999633789062,65.75,75.33999633789062,144.6999969482422,197.51010131835938,283.9700927734375,286.1400146484375,105.45999908447266,131.24000549316406,724.3699951171875,49.654998779296875
